INSERT INTO proj.group(groupid, name, date) VALUES
(0, 'Параллель S',  '2023-06-30'),
(1, 'Параллель A младшие',  '2023-06-30'),
(2, 'Параллель A` младшие',  '2023-06-30'),
(3, 'Параллель B младшие',  '2023-06-30'),
(4, 'Параллель B` младшие`',  '2023-06-30'),
(5, 'Параллель C младшие',  '2023-06-30'),
(6, 'Параллель C` младшие`',  '2023-06-30'),
(7, 'Параллель D младшие',  '2023-06-30'),
(8, 'Параллель A старшие',  '2023-06-30'),
(9, 'Параллель A` старшие',  '2023-06-30'),
(10, 'Параллель B старшие',  '2023-06-30'),
(11, 'Параллель B` старшие`',  '2023-06-30'),
(12, 'Параллель C старшие',  '2023-06-30'),
(13, 'Параллель C` старшие`',  '2023-06-30'),
(14, 'Параллель D старшие',  '2023-06-30');

INSERT INTO proj.student(studentid, firstname, surname, groupid, codeforceshandle, telegram, grade, school) VALUES
(0, 'Дмитрий', 'Степанов', 1, 'handle0', 'telegram0', '9А', 'Гимназия №1'),
(1, 'Иван', 'Иванов', 1, 'handle1', 'telegram1', '8А', 'Гимназия №1'),
(2, 'Петр', 'Савельев', 1, 'handle2', 'telegram2', '7Б', 'ФМШ'),
(3, 'Мария', 'Сидорова', 2, 'handle3', NULL, '7А', 'Гимназия №1'),
(4, 'Анна', 'Кузнецова', 2, 'handle4', 'telegram3', '9В', 'ФМШ'),
(5, 'Алексей', 'Смирнов', 3, 'handle5', NULL, '9В', 'Гимназия №21'),
(6, 'Екатерина', 'Иванова', 3, 'handle6', NULL, '8А', 'Гимназия №1'),
(7, 'Дмитрий', 'Попов', 3, 'handle7', 'telegram4', '8Б', 'ФМШ'),
(8, 'Светлана', 'Козлова', 8, 'handle8', NULL, '11В', 'ФМШ'),
(9, 'Артем', 'Морозов', 8, 'handle9', 'telegram5', '11А', 'ФМШ'),
(10, 'Елена', 'Никитина', 8, 'handle10', NULL, '10Б', 'Гимназия №1'),
(11, 'Андрей', 'Зайцев', 10, 'handle11', 'telegram6', '11В', 'Гимназия №21'),
(12, 'Наталья', 'Петрова', 10, 'handle12', NULL, '10А', 'Гимназия №1'),
(13, 'Игорь', 'Соколов', 12, 'handle13', 'telegram7', '10Б', 'ФМШ'),
(14, 'Ольга', 'Павлова', 13, 'handle14', NULL, '10В', 'ФМШ');

INSERT INTO proj.teacher(teacherid, firstname, surname, telegram) VALUES
(0, 'Павел', 'Жуков', 'telegram8'),
(1, 'Александр', 'Иванов', 'telegram9'),
(2, 'Екатерина', 'Смирнова', 'telegram10'),
(3, 'Максим', 'Петров', 'telegram11'),
(4, 'Анастасия', 'Кузнецова', 'telegram12'),
(5, 'Дмитрий', 'Федоров', 'telegram13'),
(6, 'Ольга', 'Морозова', 'telegram14'),
(7, 'Иван', 'Соколов', 'telegram15'),
(8, 'Наталья', 'Волкова', 'telegram16'),
(9, 'Владимир', 'Павлов', 'telegram17'),
(10, 'Елена', 'Сидорова', 'telegram18'),
(11, 'Артем', 'Никитин', 'telegram19'),
(12, 'Светлана', 'Ильина', 'telegram20'),
(13, 'Алексей', 'Григорьев', 'telegram21'),
(14, 'Мария', 'Тарасова', 'telegram22');

INSERT INTO proj.contest(contestid, name, theme, startdate, duratation) VALUES
(0, 'Классика', 'Линейные алгоритмы', '2023-07-01', '24 hours'),
(1, 'Динамика', 'Дп', '2023-07-02', '24 hours'),
(2, 'Ускоряемся', 'Бинарный поиск', '2023-07-03', '24 hours'),
(3, 'Черепашка', 'Многомерное дп', '2023-07-04', '24 hours'),
(4, 'Первые графы', 'DFS, BFS', '2023-07-05', '24 hours'),
(5, 'Лучшие пути', 'Дейкстра, Форд, Флойд', '2023-07-06', '24 hours'),
(6, 'Дп по поддеревьям', NULL, '2023-07-07', '24 hours'),
(7, 'СНМ и остовы', NULL, '2023-07-08', '24 hours'),
(8, 'Настраиваем водопровод', 'Потоки', '2023-07-09', '24 hours'),
(9, 'С небес на землю', 'Начальная геометрия', '2023-07-10', '24 hours'),
(10, 'С земли на небеса', 'Выпуклая оболочка', '2023-07-11', '24 hours'),
(11, 'Расширяя сознание', 'Оптимизации дп', '2023-07-12', '24 hours'),
(12, 'Странные графы', 'Дерево отрезков', '2023-07-13', '24 hours'),
(13, 'Еще более странные графы', 'Декартово дерево', '2023-07-14', '24 hours'),
(14, 'Графы для самых смелых', 'Splay дерево', '2023-07-15', '24 hours');

INSERT INTO proj.task(taskid, platform, link, name) VALUES
(0, 'informatics', 'https://informatics.msk.ru/mod/statements/view.php?id=91982#1', 'Удаление клеток'),
(1, 'informatics', 'https://informatics.msk.ru/mod/statements/view.php?id=91982&chapterid=1333#1', 'Долой списывание!'),
(2, 'informatics', 'https://informatics.msk.ru/mod/statements/view.php?id=91982&chapterid=98#1', 'Есть ли цикл?'),
(3, 'informatics', 'https://informatics.msk.ru/mod/statements/view.php?id=91982&chapterid=111841#1', 'Поиск цикла'),
(4, 'informatics', 'https://informatics.msk.ru/mod/statements/view.php?id=91982&chapterid=166#1', 'Построение'),
(5, 'informatics', 'https://informatics.msk.ru/mod/statements/view.php?id=92082#1', 'Суммы на подотрезках с изменением элемента'),
(6, 'informatics', 'https://informatics.msk.ru/mod/statements/view.php?id=92082&chapterid=3311#1', 'Левый максимум на подотрезке'),
(7, 'informatics', 'https://informatics.msk.ru/mod/statements/view.php?id=92082&chapterid=3326#1', 'Количество максимумов на отрезке с изменение элемента'),
(8, 'informatics', 'https://informatics.msk.ru/mod/statements/view.php?id=92082&chapterid=3314#1', 'НОД на подотрезках'),
(9, 'informatics', 'https://informatics.msk.ru/mod/statements/view.php?id=92082&chapterid=3335#1', 'Лыжные гонки'),
(10, 'codeforces', 'https://codeforces.com/group/6V3DUX2pz7/contest/513309/problem/A', 'A. Длинные прыжки'),
(11, 'codeforces', 'https://codeforces.com/group/6V3DUX2pz7/contest/513309/problem/B', 'B. Наименее круглый путь'),
(12, 'codeforces', 'https://codeforces.com/group/6V3DUX2pz7/contest/513309/problem/C', 'C. Легионы Цезаря'),
(13, 'codeforces', 'https://codeforces.com/group/6V3DUX2pz7/contest/513309/problem/D', 'D. Прекрасная рандомизированная сумма'),
(14, 'codeforces', 'https://codeforces.com/group/6V3DUX2pz7/contest/513309/problem/E', 'E. Тяжелая работа папарацци');

INSERT INTO proj.submission(studentid, taskid, validfrom, validto, status) VALUES
(0, 0, '2023-07-01', '2023-07-02', 'Wrong answer'),
(0, 0, '2023-07-02', '2023-07-03', 'Time limit'),
(0, 0, '2023-07-03', '2030-01-01', 'OK'),
(1, 3, '2023-07-01', '2030-01-01', 'OK'),
(2, 2, '2023-07-01', '2030-01-01', 'OK'),
(5, 14, '2023-07-02', '2023-07-03', 'Memory limit'),
(5, 14, '2023-07-03', '2030-01-01', 'OK'),
(2, 12, '2023-07-02', '2023-07-03', 'Memory limit'),
(2, 12, '2023-07-03', '2030-01-01', 'Wrong answer'),
(1, 10, '2023-07-02', '2030-01-01', 'OK'),
(8, 5, '2023-07-01', '2030-01-01', 'OK'),
(8, 6, '2023-07-01', '2023-07-02', 'Wrong answer'),
(8, 6, '2023-07-03', '2030-01-01', 'OK'),
(10, 5, '2023-07-01', '2030-01-01', 'OK'),
(12, 5, '2023-07-01', '2030-01-01', 'OK');

INSERT INTO proj.contest_in_group(groupid, contestid) VALUES
(1, 0),
(1, 1),
(1, 2),
(1, 4),
(2, 1),
(2, 3),
(2, 4),
(2, 5),
(8, 10),
(8, 11),
(8, 12),
(8, 13),
(9, 8),
(9, 9),
(9, 12);

INSERT INTO proj.task_in_contest(contestid, taskid) VALUES
(4, 0),
(4, 1),
(4, 2),
(4, 3),
(4, 4),
(12, 5),
(12, 6),
(12, 7),
(12, 8),
(12, 9),
(1, 10),
(1, 11),
(1, 12),
(1, 13),
(1, 14);

INSERT INTO proj.teacher_in_group(teacherid, groupid) VALUES
(0, 1),
(1, 1),
(2, 1),
(2, 2),
(3, 2),
(4, 2),
(5, 3),
(6, 3),
(0, 8),
(7, 8),
(2, 10),
(3, 10),
(8, 12),
(6, 12),
(6, 13);